<?xml version="1.0" encoding="utf-8" standalone="yes" ?>
<rss version="2.0" 
  xmlns:content="http://purl.org/rss/1.0/modules/content/" 
  xmlns:dc="http://purl.org/dc/elements/1.1/" 
  xmlns:atom="http://www.w3.org/2005/Atom" 
  xmlns:sy="http://purl.org/rss/1.0/modules/syndication/" 
  xmlns:media="http://search.yahoo.com/mrss/">
  <channel>
    <title>Categories on itzKavishka</title>
    <link>http://kavishka.online/en/categories/</link>
    <description>Recent content in Categories on itzKavishka</description>
    <generator>Hugo -- gohugo.io</generator>
    <language>en</language>
    <managingEditor>xkavishka@outlook.com (Kavishka Dahanayaka)</managingEditor>
    <webMaster>xkavishka@outlook.com (Kavishka Dahanayaka)</webMaster>
    <copyright>©2024, All Rights Reserved</copyright>
    <lastBuildDate>Sun, 07 Jan 2024 13:00:00 +0000</lastBuildDate>
    
        <atom:link href="http://kavishka.online/en/categories/index.xml" rel="self" type="application/rss+xml" />
    

      
      <item>
        <title>Gaming</title>
        <link>http://kavishka.online/en/categories/gaming/</link>
        <pubDate>Sun, 07 Jan 2024 13:00:00 +0000</pubDate>
        <author>xkavishka@outlook.com (Kavishka Dahanayaka)</author>
        
        <guid>http://kavishka.online/en/categories/gaming/</guid>
        <description></description>
        
        <dc:creator>Kavishka Dahanayaka</dc:creator>
        
        
        
        
        
        
      </item>
      
      <item>
        <title>General</title>
        <link>http://kavishka.online/en/categories/general/</link>
        <pubDate>Sun, 07 Jan 2024 13:00:00 +0000</pubDate>
        <author>xkavishka@outlook.com (Kavishka Dahanayaka)</author>
        
        <guid>http://kavishka.online/en/categories/general/</guid>
        <description></description>
        
        <dc:creator>Kavishka Dahanayaka</dc:creator>
        
        
        
        
        
        
      </item>
      
      <item>
        <title>Windows</title>
        <link>http://kavishka.online/en/categories/windows/</link>
        <pubDate>Thu, 04 Jan 2024 13:00:00 +0000</pubDate>
        <author>xkavishka@outlook.com (Kavishka Dahanayaka)</author>
        
        <guid>http://kavishka.online/en/categories/windows/</guid>
        <description></description>
        
        <dc:creator>Kavishka Dahanayaka</dc:creator>
        
        
        
        
        
        
      </item>
      
      <item>
        <title>Linux</title>
        <link>http://kavishka.online/en/categories/linux/</link>
        <pubDate>Fri, 24 Nov 2023 02:03:32 +0530</pubDate>
        <author>xkavishka@outlook.com (Kavishka Dahanayaka)</author>
        
        <guid>http://kavishka.online/en/categories/linux/</guid>
        <description></description>
        
        <dc:creator>Kavishka Dahanayaka</dc:creator>
        
        
        
        
        
        
      </item>
      

    
  </channel>
</rss>
