<?xml version="1.0" encoding="utf-8" standalone="yes" ?>
<rss version="2.0" 
  xmlns:content="http://purl.org/rss/1.0/modules/content/" 
  xmlns:dc="http://purl.org/dc/elements/1.1/" 
  xmlns:atom="http://www.w3.org/2005/Atom" 
  xmlns:sy="http://purl.org/rss/1.0/modules/syndication/" 
  xmlns:media="http://search.yahoo.com/mrss/">
  <channel>
    <title>General on itzKavishka</title>
    <link>http://kavishka.online/en/categories/general/</link>
    <description>Recent content in General on itzKavishka</description>
    <generator>Hugo -- gohugo.io</generator>
    <language>en</language>
    <managingEditor>xkavishka@outlook.com (Kavishka Dahanayaka)</managingEditor>
    <webMaster>xkavishka@outlook.com (Kavishka Dahanayaka)</webMaster>
    <copyright>©2024, All Rights Reserved</copyright>
    <lastBuildDate>Sun, 07 Jan 2024 13:00:00 +0000</lastBuildDate>
    
        <atom:link href="http://kavishka.online/en/categories/general/index.xml" rel="self" type="application/rss+xml" />
    

      
      <item>
        <title>Free Game Offers On Epic Store</title>
        <link>http://kavishka.online/en/en/posts/general/free-game-offers-on-epic-store/</link>
        <pubDate>Sun, 07 Jan 2024 13:00:00 +0000</pubDate>
        <author>xkavishka@outlook.com (Kavishka Dahanayaka)</author>
        <atom:modified>Sun, 07 Jan 2024 13:00:00 +0000</atom:modified>
        <guid>http://kavishka.online/en/en/posts/general/free-game-offers-on-epic-store/</guid>
        <description></description>
        
        <dc:creator>Kavishka Dahanayaka</dc:creator>
        
        
        
        
          
            
              <category>windows</category>
            
          
            
              <category>how-to</category>
            
          
            
              <category>gaming</category>
            
          
        
        
          
            
              <category>General</category>
            
          
            
              <category>Gaming</category>
            
          
        
        
      </item>
      

    
  </channel>
</rss>
