[{"description":"how to install software through choco package manager on windows.","id":2,"section":"en","tags":["windows","how-to","powershell"],"title":"How to install software using powershell on windows","uri":"http://kavishka.online/en/en/posts/windows/how-to-install-softwares-using-powershell-on-windows/"},{"description":"How to remove junk form a debian os","id":3,"section":"en","tags":["Debian","how-to","cleanup"],"title":"How to Clean Up a Debian OS","uri":"http://kavishka.online/en/en/posts/linux/how-to-clean-up-a-debian-os/"},{"description":"Hugo, the world’s fastest framework for building websites","id":4,"section":"","tags":null,"title":"About","uri":"http://kavishka.online/en/about/"}]