<?xml version="1.0" encoding="utf-8" standalone="yes" ?>
<rss version="2.0" 
  xmlns:content="http://purl.org/rss/1.0/modules/content/" 
  xmlns:dc="http://purl.org/dc/elements/1.1/" 
  xmlns:atom="http://www.w3.org/2005/Atom" 
  xmlns:sy="http://purl.org/rss/1.0/modules/syndication/" 
  xmlns:media="http://search.yahoo.com/mrss/">
  <channel>
    <title>cleanup on itzKavishka</title>
    <link>http://kavishka.online/en/tags/cleanup/</link>
    <description>Recent content in cleanup on itzKavishka</description>
    <generator>Hugo -- gohugo.io</generator>
    <language>en</language>
    <managingEditor>xkavishka@outlook.com (Kavishka Dahanayaka)</managingEditor>
    <webMaster>xkavishka@outlook.com (Kavishka Dahanayaka)</webMaster>
    <copyright>©2024, All Rights Reserved</copyright>
    <lastBuildDate>Fri, 24 Nov 2023 02:03:32 +0530</lastBuildDate>
    
        <atom:link href="http://kavishka.online/en/tags/cleanup/index.xml" rel="self" type="application/rss+xml" />
    

      
      <item>
        <title>How to Clean Up a Debian OS</title>
        <link>http://kavishka.online/en/en/posts/linux/how-to-clean-up-a-debian-os/</link>
        <pubDate>Fri, 24 Nov 2023 02:03:32 +0530</pubDate>
        <author>xkavishka@outlook.com (Kavishka Dahanayaka)</author>
        <atom:modified>Fri, 24 Nov 2023 02:03:32 +0530</atom:modified>
        <guid>http://kavishka.online/en/en/posts/linux/how-to-clean-up-a-debian-os/</guid>
        <description>Introduction: Debian, known for its stability and reliability, can benefit from occasional cleanup to free up disk space and enhance system performance. In this guide, we&amp;rsquo;ll walk through essential steps to tidy up your Debian OS. Update and Upgrade: Keeping your system up-to-date is crucial. Run the following commands to ensure you have the latest software versions:
1 2 3 sudo apt update sudo apt upgrade sudo apt dist-upgrade Autoremove: Remove packages that were automatically installed to satisfy dependencies but are no longer needed:</description>
        
        <dc:creator>Kavishka Dahanayaka</dc:creator>
        
        
        
        
          
            
              <category>Debian</category>
            
          
            
              <category>how-to</category>
            
          
            
              <category>cleanup</category>
            
          
        
        
          
            
              <category>Linux</category>
            
          
        
        
      </item>
      

    
  </channel>
</rss>
