[{"content":"Streamlining Software Installation with PowerShell and Chocolatey Introduction: Installing and managing software on a Windows system can be a time-consuming task, especially when dealing with multiple applications. PowerShell, a powerful scripting language and automation framework, comes to the rescue when it comes to automating repetitive tasks. In this article, we will explore how to simplify software installation on Windows using PowerShell and Chocolatey, a package manager for Windows.\nWhat is Chocolatey? Chocolatey is a package manager for Windows that automates the process of installing, updating, configuring, and removing software from your system. It simplifies the tedious task of downloading and installing software by providing a command-line interface for managing packages. One of the key advantages of Chocolatey is its vast repository of packages, making it easy to find and install a wide range of software.\nInstalling Chocolatey: Before diving into software installation, let\u0026rsquo;s start by installing Chocolatey itself. Open PowerShell with administrator privileges and run the following command: 1 Set-ExecutionPolicy Bypass -Scope Process -Force; iex ((New-Object System.Net.WebClient).DownloadString(\u0026#39;https://chocolatey.org/install.ps1\u0026#39;)) This command will download and execute the Chocolatey installation script, configuring your system to use Chocolatey.\nSearching for Software with Choco: Once Chocolatey is installed, you can use the choco search command to find packages available in the Chocolatey repository. For example, if you want to search for the popular text editor \u0026ldquo;Visual Studio Code,\u0026rdquo; you can run:\n1 choco search visualstudiocode Chocolatey will display a list of relevant packages along with their versions and descriptions. This makes it easy to identify the package you want to install.\nInstalling Software with Choco: After finding the desired software package, installing it is a breeze. Use the choco install command followed by the package name. For instance, to install Visual Studio Code, run:\n1 choco install visualstudiocode Chocolatey will download and install the specified package along with its dependencies, streamlining the entire process.\nUpdating and Uninstalling Software: Chocolatey also simplifies the process of updating and uninstalling software.\nTo update a package, use the following command: 1 choco upgrade visualstudiocode For uninstallation, use: 1 choco uninstall visualstudiocode ","description":"how to install software through choco package manager on windows.","id":2,"section":"posts","tags":["windows","how-to","powershell"],"title":"How to install software using powershell on windows","uri":"http://kavishka.online/posts/windows/how-to-install-softwares-using-powershell-on-windows/"},{"content":"Introduction: Debian, known for its stability and reliability, can benefit from occasional cleanup to free up disk space and enhance system performance. In this guide, we\u0026rsquo;ll walk through essential steps to tidy up your Debian OS. Update and Upgrade: Keeping your system up-to-date is crucial. Run the following commands to ensure you have the latest software versions:\n1 2 3 sudo apt update sudo apt upgrade sudo apt dist-upgrade Autoremove: Remove packages that were automatically installed to satisfy dependencies but are no longer needed:\n1 sudo apt autoremove Clean apt cache: Clear the package cache to free up disk space:\n1 sudo apt clean Remove old kernels: If applicable, remove old kernels to reclaim space:\n1 sudo apt purge $(dpkg -l \u0026#39;linux-*\u0026#39; | sed \u0026#39;/^ii/!d;/\u0026#39;\u0026#34;$(uname -r | sed \u0026#34;s/\\(.*\\)-\\([^0-9]\\+\\)/\\1/\u0026#34;)\u0026#34;\u0026#39;/d;s/^[^ ]* [^ ]* \\([^ ]*\\).*/\\1/;/[0-9]/!d\u0026#39;) Remove unnecessary packages:\n+\nIdentify and remove packages that are no longer required:\n1 sudo aptitude search \u0026#39;~i!~E\u0026#39; | grep -v \u0026#34;i A\u0026#34; | cut -d \u0026#34; \u0026#34; -f 4 Remove unnecessary packages with: 1 sudo apt-get purge \u0026lt;package-name\u0026gt; Clean user cache and temporary files:\nClear user cache and temporary files:\n1 2 rm -rf ~/.cache/* sudo rm -rf /var/tmp/* Check and clean log files: Review log files in /var/log/ and remove unnecessary ones. Exercise caution to retain essential logs.\nRemove old configuration files:\nEliminate residual configuration files: 1 dpkg -l | grep \u0026#39;^rc\u0026#39; | awk \u0026#39;{print $2}\u0026#39; | sudo xargs dpkg --purge Clean thumbnail cache: For desktop environments, clear the thumbnail cache:\n1 rm -rf ~/.thumbnails/* Empty trash: If using a desktop environment, empty the trash to reclaim space. Check for large files: Identify and remove large files and directories using du or ncdu.\nConclusion: Regularly cleaning up your Debian OS not only frees up valuable disk space but also ensures optimal system performance. By following these steps, you can maintain a streamlined and efficient Debian environment. Always exercise caution and review commands before execution to avoid unintended consequences.\n","description":"How to remove junk form a debian os","id":3,"section":"posts","tags":["Debian","how-to","cleanup"],"title":"How to Clean Up a Debian OS","uri":"http://kavishka.online/posts/linux/how-to-clean-up-a-debian-os/"},{"content":"Welcome to my Tech Blog where we dive deep into the ever-evolving world of technology.\nAbout Our journey involves exploring various tech topics, trends, and innovations. We cover a wide range of subjects, from coding and development to the latest gadgets and breakthroughs.\nWhy Tech? In a world driven by technology, understanding and staying updated on tech matters. Whether you\u0026rsquo;re a coding enthusiast, a gadget geek, or simply curious about the digital landscape, this blog is for you.\nExplore with Us Join us on this tech exploration. Share your thoughts, learn something new, and be part of the ever-growing tech community.\nConnect Feel free to connect with us. Have a tech topic in mind? Want to share your insights? Reach out!\nHappy exploring!\n","description":"Hugo, the world’s fastest framework for building websites","id":4,"section":"","tags":null,"title":"About","uri":"http://kavishka.online/about/"}]