<?xml version="1.0" encoding="utf-8" standalone="yes"?>
<rss version="2.0" xmlns:atom="http://www.w3.org/2005/Atom">
  <channel>
    <title>Categories on itzKavishka</title>
    <link>https://www.kavishka.online/categories/</link>
    <description>Recent content in Categories on itzKavishka</description>
    <generator>Hugo -- gohugo.io</generator>
    <language>en-us</language>
    <lastBuildDate>Thu, 04 Jan 2024 11:30:03 +0000</lastBuildDate>
    <atom:link href="https://www.kavishka.online/categories/index.xml" rel="self" type="application/rss+xml" />
    <item>
      <title>Windows</title>
      <link>https://www.kavishka.online/categories/windows/</link>
      <pubDate>Thu, 04 Jan 2024 11:30:03 +0000</pubDate>
      <guid>https://www.kavishka.online/categories/windows/</guid>
      <description></description>
    </item>
    <item>
      <title>Linux</title>
      <link>https://www.kavishka.online/categories/linux/</link>
      <pubDate>Sun, 24 Dec 2023 02:03:32 +0530</pubDate>
      <guid>https://www.kavishka.online/categories/linux/</guid>
      <description></description>
    </item>
    <item>
      <title>Gaming</title>
      <link>https://www.kavishka.online/categories/gaming/</link>
      <pubDate>Fri, 07 Jan 2022 13:00:00 +0000</pubDate>
      <guid>https://www.kavishka.online/categories/gaming/</guid>
      <description></description>
    </item>
    <item>
      <title>General</title>
      <link>https://www.kavishka.online/categories/general/</link>
      <pubDate>Fri, 07 Jan 2022 13:00:00 +0000</pubDate>
      <guid>https://www.kavishka.online/categories/general/</guid>
      <description></description>
    </item>
  </channel>
</rss>
