<?xml version="1.0" encoding="utf-8" standalone="yes"?>
<rss version="2.0" xmlns:atom="http://www.w3.org/2005/Atom">
  <channel>
    <title>Tags on itzKavishka</title>
    <link>https://www.kavishka.online/tags/</link>
    <description>Recent content in Tags on itzKavishka</description>
    <generator>Hugo -- gohugo.io</generator>
    <language>en-us</language>
    <lastBuildDate>Thu, 04 Jan 2024 11:30:03 +0000</lastBuildDate>
    <atom:link href="https://www.kavishka.online/tags/index.xml" rel="self" type="application/rss+xml" />
    <item>
      <title>how-to</title>
      <link>https://www.kavishka.online/tags/how-to/</link>
      <pubDate>Thu, 04 Jan 2024 11:30:03 +0000</pubDate>
      <guid>https://www.kavishka.online/tags/how-to/</guid>
      <description></description>
    </item>
    <item>
      <title>powershell</title>
      <link>https://www.kavishka.online/tags/powershell/</link>
      <pubDate>Thu, 04 Jan 2024 11:30:03 +0000</pubDate>
      <guid>https://www.kavishka.online/tags/powershell/</guid>
      <description></description>
    </item>
    <item>
      <title>windows</title>
      <link>https://www.kavishka.online/tags/windows/</link>
      <pubDate>Thu, 04 Jan 2024 11:30:03 +0000</pubDate>
      <guid>https://www.kavishka.online/tags/windows/</guid>
      <description></description>
    </item>
    <item>
      <title>debian</title>
      <link>https://www.kavishka.online/tags/debian/</link>
      <pubDate>Sun, 24 Dec 2023 02:03:32 +0530</pubDate>
      <guid>https://www.kavishka.online/tags/debian/</guid>
      <description></description>
    </item>
    <item>
      <title>gaming</title>
      <link>https://www.kavishka.online/tags/gaming/</link>
      <pubDate>Fri, 07 Jan 2022 13:00:00 +0000</pubDate>
      <guid>https://www.kavishka.online/tags/gaming/</guid>
      <description></description>
    </item>
  </channel>
</rss>
